REP_NUM,SO_REPORT_NUM,
"12889","25104"
"16810","25104"
"13485","22213"
"17734","24285"
"22343","24285"
"28746","24285"
"29491","24285"
"18099","20890"
"20824","20890"
"27220","27218"
"27224","27218"
"27225","27218"
"27226","27218"
"27227","27218"
"27228","27218"
"31204","27218"
"27991","25044"
"31304","25044"
"27812","25235"
"32084","25235"
"30609","25384"
"28164","28684"
"27756","25624"
"31644","25624"
"28624","26924"
"26867","25824"
"31486","26044"
"26868","26484"
"31526","28285"
"30563","28374"
"31305","28564"
"12452","8193"
"15722","8193"
"21875","12976"
"25486","12976"
"27910","12976"
"30829","12976"
"29364","21951"
"29364","21951"
"28186","24409"
"15638","21344"
"16882","31369"
"31385","31369"
"16812","22399"
"19744","22399"
"23486","22399"
"26463","22399"
"19575","23625"
"27825","23625"
"30547","23625"
"15598","23284"
"20633","23284"
"25990","23284"
"29387","23284"
"14332","21720"
"22388","7245"
"27986","7245"
"26571","7163"
"24447","24286"
"27693","24286"
"29495","24286"
"19491","34030"
"20509","34030"
"21903","10155"
"19967","7414"
"29389","22399"
"18535","14552"
"16076","14552"
"15928","21315"
"31005","7113"
"27223","27218"
"16888","17860"
"16933","22313"
"21567","22313"
"13872","23186"
"16075","23186"
"27942","23186"
"15608","23285"
"27653","23285"
"28184","23285"
"21574","6572"
"16890","22244"
"19818","22244"
"22199","22244"
"26454","22244"
"30554","22244"
"12888","6581"
"15932","6581"
"19580","6581"
"22158","6581"
"16796","22787"
"14553","14552"
"15588","30385"
"15589","30385"
"19417","30385"
"21293","30385"
"26067","30385"
"15590","22358"
"15923","22358"
"19418","22358"
"30266","22358"
"18617","7091"
"16350","7242"
"9434","21358"
"5748","21358"
"16072","21358"
"18821","21358"
"21359","21358"
"21886","12982"
"27784","12982"
"27987","12982"
"25995","22444"
"30551","22444"
"24529","22480"
"27427","22480"
"30784","22480"
"22527","22482"
"22532","22484"
"22535","22485"
"22539","22504"
"22538","22536"
"30964","25645"
"27835","23224"
"27841","23224"
"28324","23224"
"30624","23224"
"31109","23264"
"30032","23630"
"30544","31784"
"15595","7748"
"19533","7748"
"25159","24676"
"27846","24676"
"23924","8149"
"23925","8149"
"25147","7558"
"27045","7558"
"30025","7558"
"20789","10975"
"20575","7568"
"21171","7570"
"22092","7570"
"24392","7573"
"26480","7573"
"30026","7573"
"17992","7578"
"12334","23204"
"12335","23204"
"15593","23204"
"19429","23204"
"20524","23204"
"24144","23204"
"26784","23204"
"30344","23204"
"15594","21095"
"21033","21095"
"29749","21095"
"16320","20840"
"18098","20840"
"20647","20840"
"23768","20840"
"25988","20840"
"29264","20840"
"21111","22032"
"15924","22031"
"22684","22031"
"25989","22031"
"22139","6533"
"12860","6534"
"15926","6534"
"19538","6534"
"22140","6534"
"15927","22368"
"19541","22368"
"31425","27066"
"21115","21315"
"24198","21315"
"26068","21315"
"29807","21315"
"30264","29685"
"20002","19264"
"22409","19264"
"24508","19264"
"27765","19264"
"31089","19264"
"16981","22120"
"25807","23944"
"21124","24924"
"20034","21088"
"27658","27761"
"20031","19975"
"22055","19975"
"24599","19975"
"27904","19975"
"31119","19975"
"20030","19981"
"22419","19981"
"24367","19981"
"27285","19981"
"30585","19981"
"20029","19986"
"21606","19986"
"27445","19986"
"30824","19986"
"20028","19988"
"21641","19988"
"25131","19988"
"27804","19988"
"30732","19988"
"20027","19990"
"22418","19990"
"25130","19990"
"26564","19990"
"31117","19990"
"20026","19992"
"22046","19992"
"20025","19996"
"22422","19996"
"20024","19997"
"22421","19997"
"22184","25084"
"21123","25024"
"21174","7578"
"23811","7578"
"20001","7579"
"22438","7579"
"24511","7579"
"15454","7492"
"21470","7492"
"24389","7492"
"27496","7492"
"30826","7492"
"18160","7580"
"31564","31546"
"23836","25444"
"26579","25444"
"30347","25444"
"15921","21967"
"27026","21301"
"29948","21301"
"22112","25564"
"27933","25564"
"31484","25564"
"22116","22356"
"19705","6428"
"21625","6428"
"18822","21360"
"26446","7076"
"16943","24444"
"27671","24444"
"30674","24444"
"8448","20829"
"11996","20829"
"12455","20829"
"15845","20829"
"21524","20829"
"26764","20829"
"30460","20829"
"26070","22123"
"29425","22123"
"26474","20897"
"20795","20525"
"21233","21232"
"22192","22237"
"24304","22237"
"26607","22237"
"30456","22237"
"20506","22264"
"22468","22264"
"23787","22264"
"24310","22264"
"19650","17475"
"22540","17475"
"22104","17476"
"17573","19666"
"19684","19666"
"22051","19666"
"25132","19666"
"27762","19666"
"31118","19666"
"17694","22397"
"19447","22397"
"22085","7517"
"22086","7518"
"28230","7518"
"19984","7526"
"22087","7526"
"24510","7526"
"27585","7526"
"30678","7526"
"20650","7531"
"20851","7548"
"18470","7549"
"27840","7552"
"31116","7552"
"20033","7555"
"20674","7418"
"17894","7419"
"24386","7419"
"26568","7419"
"30087","7419"
"22072","7425"
"22436","7427"
"16261","25385"
"28625","25385"
"29746","25385"
"15919","26624"
"19362","26624"
"21362","26624"
"16972","24024"
"19367","24024"
"22334","24024"
"24187","24024"
"28264","24024"
"30084","24024"
"22360","6476"
"22351","27964"
"29927","27964"
"27643","28646"
"27644","28646"
"10369","7181"
"16491","7181"
"19156","7181"
"21901","7150"
"25805","22397"
"26462","22397"
"29492","22397"
"29754","22397"
"29445","22786"
"30970","22467"
"21034","17713"
"21292","22766"
"24191","22766"
"27580","22766"
"30807","22766"
"27940","22362"
"31367","22362"
"25167","14812"
"29510","23684"
"16313","22359"
"16811","15462"
"15933","15757"
"15934","15757"
"30024","7430"
"16957","7432"
"19970","7433"
"22073","7433"
"25143","7433"
"17732","7442"
"21614","7442"
"24585","7442"
"27839","7442"
"30677","7442"
"19487","7443"
"22074","7443"
"25144","7443"
"27763","7443"
"31366","7443"
"19978","22475"
"31365","7377"
"16989","31666"
"8249","23966"
"12172","23966"
"23405","23966"
"23406","23966"
"26604","23966"
"30064","23966"
"15857","6792"
"27526","6792"
"25292","6794"
"24413","8508"
"15935","15757"
"16078","15914"
"22054","15914"
"25133","15914"
"27676","15914"
"31524","15914"
"26069","22121"
"30686","22121"
"19747","22217"
"21645","22217"
"27307","22217"
"20642","17492"
"20634","17854"
"25274","11772"
"15538","11995"
"16354","12974"
"25186","12974"
"27289","12974"
"30830","12974"
"26664","23404"
"22159","22238"
"15657","7380"
"19486","7380"
"21165","7380"
"19965","7392"
"21610","7392"
"25138","7392"
"27584","7392"
"31744","7392"
"21164","7389"
"10368","7390"
"19485","7390"
"22065","7390"
"24509","7390"
"27836","7390"
"31112","7390"
"17593","7393"
"20787","7393"
"23807","7393"
"26185","7393"
"29464","7393"
"21467","7397"
"18072","7411"
"21166","7411"
"23808","7411"
"26566","7411"
"29494","7411"
"22435","7414"
"25141","7414"
"26567","7414"
"31114","7414"
"15646","7003"
"21549","7003"
"16985","23026"
"16845","22413"
"22189","22524"
"27750","22524"
"19792","25786"
"22366","25786"
"25335","25786"
"25997","25786"
"29390","25786"
"26472","21777"
"30938","30906"
"30940","30906"
"25305","11081"
"27857","11081"
"31011","11081"
"18127","22194"
"21040","22194"
"15931","23624"
"15639","30387"
"30349","30387"
"30956","17792"
"20003","7271"
"16881","23225"
"17453","27964"
"17454","27964"
"21943","5109"
"25300","5109"
"27918","5109"
"15719","5110"
"16302","5128"
"28504","11099"
"19246","11314"
"27874","11453"
"31081","11453"
"29762","12430"
"31163","25584"
"21004","21572"
"23915","21572"
"26284","21572"
"21288","21304"
"23766","21304"
"26473","21114"
"16946","22525"
"19899","22525"
"13005","20850"
"20769","20850"
"21038","4815"
"29992","21102"
"15636","23187"
"25993","21103"
"29493","21103"
"20006","7198"
"21948","7198"
"24588","11036"
"27211","11036"
"29646","11036"
"24429","12977"
"27047","12977"
"21925","11632"
"27776","11632"
"31157","11632"
"16185","11054"
"16186","11055"
"21648","12392"
"16654","11072"
"18856","11072"
"22385","11072"
"28231","11074"
"31147","11074"
"24006","12430"
"26485","12430"
"27495","10914"
"30584","10914"
"21570","22525"
"23846","22525"
"27237","22525"
"30986","22525"
"12906","21770"
"16950","21770"
"12907","21773"
"16951","21773"
"19905","21773"
"26588","21181"
"13692","22434"
"16012","22434"
"19484","7314"
"21713","7314"
"21721","7314"
"22062","7314"
"24601","7314"
"27677","7314"
"15916","25605"
"19352","25605"
"21526","25605"
"23744","25605"
"27304","25605"
"29605","25605"
"15917","21478"
"21361","21478"
"19365","22765"
"21025","22765"
"16327","29346"
"19531","29346"
"22138","29346"
"12859","21310"
"15925","21310"
"29385","23525"
"15597","22057"
"18121","22057"
"21558","22057"
"26582","22057"
"18960","10932"
"21464","10935"
"23804","10936"
"27286","10936"
"15644","21179"
"29758","21179"
"12900","21764"
"16932","21764"
"15645","22314"
"17134","22430"
"19868","22430"
"16935","21350"
"12902","6878"
"12903","6878"
"16938","6878"
"19887","6878"
"22223","6878"
"25296","7189"
"20246","7097"
"27849","7116"
"15920","20833"
"21107","20833"
"26425","20833"
"29747","20833"
"15772","20834"
"9453","11172"
"16188","10584"
"18701","10584"
"16435","10585"
"15443","10615"
"16689","10615"
"19704","10615"
"27685","10872"
"31148","10872"
"16466","13643"
"16960","13643"
"18909","15761"
"15658","10874"
"16991","22307"
"26072","20870"
"29509","20870"
"31428","31944"
"31430","31944"
"15642","21177"
"24573","21177"
"26988","21177"
"30459","21177"
"21054","6852"
"15656","22589"
"16904","22589"
"21547","22589"
"23266","22589"
"15420","21763"
"17392","21763"
"16908","22440"
"18131","22440"
"21444","22440"
"24864","22440"
"25984","22440"
"31388","22440"
"31390","22440"
"15922","22005"
"19378","6933"
"14694","29304"
"18052","29304"
"20583","29304"
"26845","29304"
"29305","29304"
"27284","22338"
"16263","21865"
"29987","21865"
"15918","21284"
"19357","21284"
"21106","21284"
"26065","21284"
"29424","21284"
"16958","10508"
"23505","10512"
"26188","10512"
"29465","10512"
"18868","10513"
"20577","10513"
"27049","10513"
"29527","10513"
"12825","10514"
"12826","10514"
"14912","10514"
"14913","10514"
"28266","12072"
"31014","12072"
"16463","10570"
"20244","10570"
"23510","29985"
"30027","29985"
"19221","10573"
"16992","23027"
"15643","23189"
"20643","23189"
"31210","22236"
"15640","9221"
"29505","20835"
"19195","7195"
"18913","7113"
"22544","7113"
"25187","7113"
"27050","7113"
"25487","30165"
"30146","30165"
"30147","30165"
"12577","22772"
"15992","22772"
"19247","10156"
"19779","10161"
"25294","10817"
"26506","10817"
"31010","10817"
"19227","10167"
"22004","10167"
"24449","10167"
"19240","10388"
"22408","10388"
"12894","6833"
"21755","6833"
"25344","6833"
"16883","29404"
"15641","22588"
"16990","22588"
"19819","22588"
"25346","22588"
"27492","22588"
"16892","22305"
"25347","22305"
"30945","22305"
"23265","22530"
"15637","21338"
"30307","21338"
"16891","22284"
"26455","22284"
"30555","22284"
"16842","22412"
"23511","31433"
"30735","31433"
"16284","21970"
"31285","21970"
"27054","7263"
"12893","22240"
"21880","8308"
"22724","7090"
"19120","7159"
"22391","7159"
"15553","8329"
"22746","8329"
"17114","22076"
"22148","22076"
"24704","21772"
"27725","21772"
"25169","12979"
"26483","12979"
"31004","12979"
"16988","25004"
"28165","25004"
"12514","10076"
"13008","10076"
"15929","10076"
"24230","21130"
"13181","22232"
"16813","22202"
"16814","22202"
"37719","36458"
"37757","34674"
"37764","34505"
"37772","34096"
"37773","34358"
"37810","37093"
"40319","36587"
"40320","24824"
"40378","37164"
"40381","22481"
"35345","7314"
"35346","7389"
"35347","7390"
"35348","7377"
"35349","7392"
"35350","7393"
"35351","7397"
"35352","7411"
"35353","7414"
"35354","7419"
"35355","7442"
"35356","7492"
"35357","7526"
"35358","7531"
"35359","7552"
"35360","7558"
"35381","19990"
"35382","19988"
"35383","10914"
"35384","19986"
"35385","19981"
"35386","19666"
"35387","15914"
"35388","19975"
"35389","10936"
"35398","19264"
"35420","7389"
"35421","7397"
"35422","7418"
"35423","7425"
"35424","7427"
"35425","7568"
"35432","34493"
"35433","34553"
"37865","34273"
"37867","34243"
"37868","34549"
"37869","34730"
"37899","34726"
"37948","37021"
"37950","37020"
"37953","34490"
"37967","36714"
"40386","35718"
"40388","35644"
"40394","35401"
"40395","34787"
"40396","34808"
"40397","34496"
"40432","34235"
"40442","34799"
"40443","36355"
"40450","35967"
"40451","35759"
"40453","34769"
"40464","34776"
"40465","34726"
"40467","34729"
"40470","34782"
"40475","17792"
"40476","17792"
"40477","34098"
"40479","35924"
"40509","34721"
"40510","34809"
"40511","34722"
"40513","34549"
"40518","26646"
"35513","26750"
"35528","25824"
"35555","26646"
"35587","17792"
"35595","31805"
"38013","36748"
"38042","34631"
"38089","34591"
"38097","36364"
"38141","34553"
"40530","36601"
"40532","34425"
"40537","36210"
"40542","34498"
"40567","34803"
"40564","34457"
"40565","35983"
"40573","34674"
"40578","35427"
"40593","34788"
"40648","35718"
"40657","34468"
"35659","34197"
"35678","34820"
"35697","7113"
"35763","34481"
"38196","34630"
"38199","35340"
"64741","56580"
"38215","36609"
"38223","37322"
"38260","34555"
"38274","34481"
"40751","34493"
"40702","36086"
"40743","35567"
"40747","34717"
"40797","38510"
"40807","34261"
"40808","37093"
"64767","60448"
"64779","61527"
"35798","34630"
"38394","37067"
"38406","35767"
"38433","36630"
"38495","36698"
"40874","34701"
"64806","60266"
"40914","34261"
"40915","26005"
"40917","35613"
"40925","35898"
"40929","7573"
"40936","7113"
"40938","12430"
"40939","35913"
"40940","7427"
"40944","36251"
"40969","38510"
"35986","34214"
"35999","35228"
"36003","34243"
"36006","34089"
"36021","35928"
"36046","21121"
"36047","21121"
"36052","35427"
"36080","34843"
"36124","34782"
"38552","10914"
"38557","34465"
"38571","10817"
"34068","21951"
"36148","35610"
"36188","34553"
"36195","11233"
"36207","34778"
"38691","36952"
"38694","36395"
"38711","35427"
"38737","37005"
"38747","37243"
"38754","24824"
"28366","22063"
"27574","22210"
"30980","22210"
"34103","7393"
"34104","7393"
"34107","7443"
"25137","7380"
"24671","22524"
"24507","19986"
"29989","22057"
"34117","10512"
"34118","12430"
"19935","15914"
"21168","7419"
"34123","22396"
"34124","27761"
"34125","34096"
"38811","37163"
"38812","38372"
"38864","34214"
"38865","35412"
"38869","34461"
"38871","35983"
"38872","34468"
"38878","34762"
"38880","34491"
"38881","34493"
"38911","34688"
"38913","34790"
"38914","35928"
"38929","34769"
"38936","34866"
"38937","34715"
"38944","34721"
"38945","34809"
"38946","34723"
"38957","34776"
"38993","35654"
"24572","31347"
"20012","7256"
"21201","7256"
"24425","7256"
"26864","7256"
"31306","7256"
"26192","26005"
"7928","6808"
"15451","31433"
"15576","8328"
"15915","22338"
"16861","22524"
"19846","22313"
"20046","27761"
"22469","17196"
"27783","23625"
"34202","25645"
"36434","17792"
"36540","35613"
"36542","34847"
"38998","34563"
"39003","34695"
"39016","35401"
"39062","34808"
"39128","34803"
"39136","36951"
"8228","20842"
"27642","20842"
"30933","20842"
"34413","23204"
"36554","35613"
"36560","36557"
"36562","31805"
"36633","19264"
"36618","36511"
"36622","36377"
"36623","36231"
"36640","19990"
"36641","19988"
"36642","10914"
"36643","19986"
"36644","19981"
"36645","19666"
"36647","35913"
"36648","19975"
"36672","34865"
"36673","34261"
"39176","37322"
"39206","36409"
"39219","11036"
"39220","10370"
"39221","7113"
"39222","12430"
"39236","7163"
"39237","11632"
"39238","6794"
"39242","26005"
"39243","24286"
"39244","10819"
"39247","34972"
"39248","10167"
"39249","7236"
"39250","7314"
"39253","7389"
"39258","7390"
"39261","7377"
"39264","7392"
"39265","7414"
"39266","7419"
"39270","7427"
"39272","7443"
"39273","7468"
"39274","7492"
"34455","11233"
"34484","34481"
"36688","7314"
"36689","7389"
"36690","7390"
"36693","35644"
"36705","36685"
"36749","7377"
"36751","7392"
"36754","11036"
"36761","10513"
"36762","28144"
"36804","7419"
"39277","7552"
"39278","7558"
"39279","7573"
"39280","19990"
"39283","19988"
"39287","19986"
"39289","19981"
"39290","19666"
"39293","35913"
"39294","19975"
"39295","10936"
"39297","34261"
"39306","7190"
"39317","39302"
"39318","39302"
"39320","19264"
"39325","11098"
"39330","7442"
"39332","35613"
"39345","34823"
"39376","34885"
"39441","38510"
"26187","7096"
"12882","29945"
"17133","22590"
"22685","22590"
"22964","22590"
"22965","22590"
"22966","22590"
"28586","22590"
"36826","7411"
"36827","7414"
"36828","7427"
"36830","7442"
"36836","7443"
"36858","7492"
"36859","7585"
"36861","7552"
"36862","7558"
"36916","7113"
"36915","34823"
"36918","12430"
"39463","31464"
"39480","36792"
"39491","34267"
"39496","23984"
"39501","38051"
"39502","34481"
"39516","34885"
"39568","36795"
"39574","36354"
"39582","35774"
"39596","34089"
"39600","34286"
"39605","34254"
"39604","36358"
"39611","34715"
"39610","34305"
"39619","34840"
"11532","15388"
"19212","7204"
"36954","28364"
"36976","35720"
"36997","36511"
"37009","6829"
"37010","34972"
"37011","10167"
"37012","10819"
"37013","24286"
"37014","26005"
"37015","7190"
"37016","10817"
"37017","11632"
"37018","7163"
"37043","36735"
"37045","34645"
"37047","35412"
"37049","34215"
"37057","35983"
"39628","34555"
"39650","34400"
"39673","34330"
"39675","37093"
"39683","35948"
"39684","37461"
"39685","34243"
"39706","34645"
"39707","34461"
"39719","34767"
"39721","34358"
"39725","34792"
"39737","34780"
"39741","34707"
"39759","34184"
"39770","36230"
"17738","22396"
"19445","22396"
"22156","22396"
"27654","22396"
"28185","22396"
"30689","22396"
"34872","10517"
"34873","10517"
"34888","34404"
"34890","34409"
"37105","34490"
"37107","34493"
"37124","30165"
"37141","34273"
"37147","34494"
"37158","7388"
"37176","34664"
"39771","34763"
"39787","35726"
"39789","36955"
"39823","34563"
"39829","35713"
"39840","39302"
"39842","35412"
"39843","34491"
"39863","36158"
"39870","36100"
"39872","36266"
"39873","34214"
"39890","34494"
"39893","34794"
"39894","37799"
"39895","35807"
"39897","34778"
"39898","37066"
"39904","34253"
"39905","34631"
"39906","34630"
"39909","34735"
"39913","37001"
"19706","7187"
"25148","7187"
"37212","34674"
"37232","34352"
"37263","34694"
"37264","34767"
"37269","34563"
"37286","11093"
"37351","37336"
"39977","34591"
"40062","36748"
"40068","34795"
"40069","34505"
"35160","25385"
"35161","34643"
"35162","34206"
"35189","34644"
"35187","34066"
"35193","34215"
"35190","34214"
"35191","21284"
"35197","34490"
"35194","34462"
"35196","25044"
"35198","21970"
"35199","22467"
"35200","34664"
"35201","34243"
"35202","34505"
"35203","22063"
"35204","25624"
"35205","34693"
"35206","34695"
"35207","34561"
"35208","34699"
"35209","34563"
"35210","34286"
"35211","22444"
"35212","25235"
"35213","34262"
"35214","34866"
"35215","34715"
"35216","34358"
"35217","34587"
"35218","34721"
"35219","34809"
"35220","34723"
"35221","34595"
"35222","34373"
"35223","34730"
"37385","10517"
"37435","34866"
"37436","34715"
"37474","35613"
"37480","34723"
"37503","34730"
"40143","34195"
"40121","35607"
"40139","34654"
"40142","25966"
"40148","34463"
"40153","37727"
"40161","34273"
"40167","38264"
"40179","34304"
"40180","36306"
"40221","34490"
"35224","31824"
"35225","34630"
"35226","34631"
"35227","34782"
"35262","12976"
"35263","11093"
"35264","11036"
"35265","10155"
"35266","22764"
"35267","7096"
"35268","10513"
"35269","11074"
"35270","12979"
"35271","7112"
"35272","11453"
"35273","7176"
"35274","10817"
"35275","24286"
"35276","34972"
"35277","30165"
"35278","7236"
"35297","7190"
"35324","35228"
"35328","27066"
"37546","35768"
"37557","11093"
"37643","34216"
"48705","43429"
"48743","44884"
"48744","44017"
"48752","44664"
"48769","41018"
"48846","44842"
"48857","44974"
"48873","45322"
"48874","23064"
"48880","36380"
"48910","44271"
"48927","47582"
"48944","7314"
"48946","7414"
"48947","7558"
"48956","44926"
"48963","44535"
"48974","46697"
"48987","40991"
"48988","41000"
"48991","41003"
"48992","42603"
"48993","41019"
"48994","36229"
"48995","36309"
"49877","49187"
"49887","36710"
"49902","7390"
"49903","36230"
"49907","47575"
"49914","34859"
"49915","36814"
"49921","48571"
"49954","49462"
"49958","7419"
"49960","49509"
"49979","49507"
"49992","11036"
"42827","34815"
"42858","34721"
"42964","34261"
"45047","34826"
"45072","36950"
"45073","34826"
"45075","34826"
"45106","43436"
"45135","42962"
"45136","7113"
"45426","44240"
"45539","43682"
"45581","36893"
"45612","41019"
"45638","45036"
"45642","44864"
"45907","7414"
"45908","34823"
"45806","44970"
"45811","43764"
"45848","36812"
"45984","31965"
"49024","41064"
"49025","41064"
"49026","41064"
"49034","44912"
"49053","36791"
"49055","35335"
"49056","43680"
"49076","45169"
"49077","45169"
"49085","34972"
"49095","41120"
"49101","45883"
"49104","44210"
"49110","48163"
"49117","47630"
"49121","44921"
"49142","43946"
"49149","44571"
"49150","44663"
"49154","47384"
"49155","44864"
"49218","34833"
"49222","48418"
"49223","47104"
"50026","42603"
"50027","40991"
"50028","47016"
"50039","49179"
"50048","10167"
"50065","49330"
"50071","48779"
"50072","46189"
"50095","7558"
"50104","41000"
"50112","49301"
"50122","49590"
"50136","41120"
"50138","36369"
"50141","36369"
"42681","34707"
"42682","40826"
"42683","39302"
"42686","34723"
"42692","34815"
"42694","19666"
"42749","19990"
"42750","19988"
"42751","19986"
"42753","19975"
"42754","7314"
"42755","7377"
"42756","7414"
"42757","7419"
"42758","7443"
"42759","7552"
"42760","7558"
"42761","34823"
"42762","7163"
"42763","11632"
"42764","6794"
"42766","7190"
"42767","24286"
"42768","10819"
"42769","10167"
"45989","10167"
"45986","44591"
"45988","41044"
"46003","44974"
"46000","36458"
"46177","31264"
"46324","46084"
"46351","7314"
"46415","46215"
"46460","45739"
"46476","36893"
"46484","36814"
"46512","44240"
"46514","12430"
"46544","44684"
"46559","44571"
"46574","45031"
"49286","48045"
"49288","49287"
"49290","49289"
"49291","49289"
"49350","44826"
"50180","41019"
"50198","48623"
"50202","49306"
"50221","34972"
"50222","47949"
"50289","48859"
"50294","36791"
"42990","37001"
"43056","34261"
"43087","35640"
"43115","7585"
"46650","43383"
"46651","43375"
"46695","41080"
"46709","44981"
"46710","44591"
"46712","44219"
"46714","43860"
"46734","43844"
"46735","44555"
"46750","40991"
"46784","7573"
"46789","43851"
"46797","45739"
"46798","41019"
"49415","28784"
"49416","28784"
"49417","28784"
"49418","28784"
"49511","43313"
"49513","43313"
"49514","43313"
"49560","49493"
"49605","36404"
"49629","44912"
"49631","48228"
"49633","41018"
"49637","48230"
"49643","47582"
"50312","44030"
"50326","37145"
"50335","49033"
"50344","49289"
"50348","41003"
"50372","7377"
"50373","7414"
"50377","49355"
"50400","7113"
"50385","48034"
"50395","41005"
"50399","7442"
"50405","31965"
"50409","7163"
"50410","35335"
"50411","49488"
"50416","48034"
"50434","49454"
"50441","36309"
"50445","50223"
"50447","45063"
"50449","49493"
"43192","34216"
"43254","43250"
"43265","35340"
"43268","34267"
"43292","34674"
"43314","43275"
"44918","44899"
"45299","41076"
"45301","45031"
"45314","43939"
"45318","43776"
"45355","41120"
"45372","40991"
"45393","45382"
"45412","36814"
"45555","44195"
"45437","7314"
"45439","43944"
"45463","45424"
"45464","45424"
"45502","44535"
"45535","7419"
"45556","43452"
"46033","36791"
"45056","34826"
"45312","7419"
"45348","35720"
"45390","7558"
"46066","36309"
"46236","44535"
"46251","45018"
"46254","45160"
"46262","45011"
"46279","36950"
"46291","41011"
"46296","46218"
"46311","7236"
"46320","41082"
"46328","44974"
"46332","43315"
"46334","41086"
"45065","45018"
"44847","41056"
"44848","36230"
"44850","43429"
"44916","36309"
"44925","19990"
"45176","43484"
"45316","44351"
"45326","43285"
"45331","11036"
"45723","41096"
"45724","41097"
"45728","41051"
"45737","43811"
"45767","41022"
"45796","7392"
"43328","31464"
"43330","41164"
"43341","36792"
"43342","34726"
"43346","38510"
"43347","42962"
"43348","7427"
"43349","7573"
"43351","43315"
"43352","43321"
"43374","43285"
"43379","43375"
"43384","34214"
"43398","37461"
"43401","34254"
"43415","41060"
"43419","34826"
"43451","40709"
"43455","7531"
"43459","34372"
"45557","44985"
"45604","41005"
"45613","44219"
"45665","36893"
"45677","41080"
"46078","41011"
"46085","7190"
"46086","46084"
"46121","45011"
"45092","43195"
"45122","36230"
"45233","34330"
"45234","7390"
"45258","40986"
"45270","44573"
"45797","7468"
"45822","44775"
"45829","7552"
"45832","24824"
"45862","44030"
"45800","24286"
"45804","44775"
"45805","44443"
"45809","36316"
"45871","34859"
"45885","44912"
"45935","36794"
"45959","43479"
"45961","36794"
"45975","44842"
"45973","44842"
"46002","44974"
"46004","44974"
"46005","35906"
"46041","36702"
"46570","36712"
"43491","42595"
"43494","34358"
"43495","41025"
"43538","35617"
"43556","43378"
"43558","43378"
"43560","7390"
"43567","43565"
"43577","34223"
"43594","40588"
"44853","34730"
"44838","41026"
"45185","34972"
"45207","7198"
"45245","41018"
"45246","41018"
"45254","43378"
"45268","35617"
"45425","43740"
"45462","45424"
"45467","44974"
"45550","10819"
"45551","44921"
"45586","26992"
"45606","7442"
"45610","10155"
"45643","45323"
"44977","34630"
"45906","7377"
"45204","43428"
"45208","44962"
"45252","42971"
"45256","41086"
"45271","43792"
"45278","41011"
"45910","44741"
"45911","43941"
"45913","44664"
"45927","40989"
"46161","34832"
"46162","34832"
"46235","43195"
"46331","43428"
"46405","44997"
"46487","43939"
"46528","35768"
"46667","34823"
"46702","44251"
"46766","44307"
"46770","43470"
"46772","41051"
"46813","7390"
"46815","44663"
"46816","44246"
"46842","44268"
"41188","41082"
"41189","11036"
"41190","7389"
"41198","7390"
"41229","29448"
"41247","37069"
"43633","42568"
"43634","43624"
"43641","34630"
"43690","34782"
"43691","34972"
"43705","43701"
"43741","43740"
"43753","40424"
"43754","38378"
"43767","41003"
"45799","7163"
"45922","36702"
"45925","29448"
"46261","29448"
"46273","35617"
"46277","34419"
"46285","41018"
"46295","42962"
"46300","43285"
"46303","46302"
"46304","43624"
"46306","45161"
"46307","44962"
"46309","36230"
"46310","7236"
"46312","7236"
"46313","7236"
"46314","44934"
"46318","41054"
"46353","43436"
"46356","45322"
"46367","43429"
"46386","24764"
"46387","42971"
"46390","43944"
"46449","43203"
"46451","7419"
"46874","46872"
"46881","11036"
"46883","10167"
"46898","36794"
"46932","41005"
"46956","7163"
"46963","44570"
"46972","43637"
"47005","34865"
"47006","34865"
"47007","7377"
"47008","7414"
"47010","10819"
"47020","35335"
"47034","45063"
"47106","7190"
"47181","44770"
"47163","45011"
"41255","40995"
"41260","41048"
"41264","10936"
"41297","41151"
"41332","7442"
"41333","17792"
"41350","34216"
"41356","36792"
"41367","34471"
"41380","34243"
"41384","36230"
"41393","34498"
"41397","35713"
"41402","40880"
"41403","40733"
"43780","41145"
"43785","36274"
"43786","34803"
"43788","43763"
"43804","43772"
"43805","34585"
"43815","34491"
"43857","7389"
"43875","43859"
"43883","35948"
"43884","43848"
"43885","34243"
"43886","34505"
"43887","43860"
"43888","43862"
"46453","44213"
"46459","43776"
"46543","34972"
"46557","7558"
"46676","34330"
"46751","42603"
"46785","36791"
"46841","44271"
"46879","36316"
"46880","7392"
"46889","43768"
"46897","41022"
"46900","45321"
"46939","44912"
"46945","7468"
"46946","44187"
"46949","36224"
"46290","45541"
"46525","31946"
"47249","43195"
"47250","45018"
"47268","47150"
"47280","36369"
"47283","44591"
"47286","7390"
"47287","7437"
"47305","29448"
"47308","43436"
"47313","45160"
"47315","42962"
"47321","43792"
"47322","34859"
"47423","45382"
"47625","44570"
"47729","45893"
"47748","36893"
"47750","47023"
"47766","7573"
"47767","36309"
"41428","41060"
"41430","35427"
"41435","35968"
"41445","35968"
"41461","34273"
"41467","34730"
"41479","34505"
"41482","34715"
"41519","34782"
"41520","34803"
"41521","34694"
"41540","36370"
"43908","11036"
"43922","43913"
"43923","34468"
"43924","34235"
"43927","34286"
"43928","43914"
"43930","37727"
"43942","34374"
"43948","36370"
"43953","36370"
"46960","28484"
"46962","44741"
"47012","44826"
"47019","36309"
"47039","44864"
"47041","45382"
"47050","36369"
"47056","45018"
"47055","7437"
"47058","45011"
"47061","45036"
"47066","7442"
"47107","7113"
"47108","41044"
"47829","46943"
"47835","44663"
"47834","44665"
"47836","44426"
"47850","11036"
"47851","34419"
"47867","37145"
"47873","44268"
"47875","45883"
"47938","44917"
"47952","7163"
"47966","36791"
"47967","34823"
"47970","44571"
"47971","44741"
"47978","35611"
"47985","44912"
"47994","43707"
"41616","40496"
"41620","41183"
"41623","36307"
"41766","38460"
"41735","36266"
"41736","34491"
"44050","34823"
"44078","41086"
"44079","40991"
"44080","40496"
"44083","39302"
"44122","38460"
"44123","10817"
"44153","41005"
"44180","34714"
"44183","7392"
"44184","7442"
"47261","46218"
"47270","44884"
"47296","44962"
"47352","41055"
"47353","45323"
"47357","45322"
"47365","43944"
"47375","47087"
"47376","47087"
"47416","36230"
"47415","7419"
"47420","41018"
"47439","45161"
"47441","41082"
"48002","31965"
"48006","46644"
"48013","7442"
"48239","41082"
"48325","12430"
"48328","7236"
"48329","36792"
"48337","45382"
"48339","43944"
"48340","45160"
"48355","46284"
"48372","45035"
"48373","45161"
"48378","43466"
"48379","43466"
"48381","43776"
"41748","34776"
"41751","39846"
"41761","23984"
"41763","34372"
"41765","7235"
"41768","10914"
"41769","10817"
"41775","7392"
"41789","41152"
"41821","11093"
"41828","34286"
"41879","38378"
"44193","35427"
"44197","41000"
"44200","41000"
"44202","34561"
"44205","11093"
"44215","41049"
"44259","34715"
"44267","34723"
"44311","34809"
"47457","43203"
"47460","41011"
"47461","43776"
"47477","45020"
"47478","46215"
"47479","43429"
"47484","45063"
"47492","44067"
"47504","46084"
"47505","43315"
"47510","12430"
"47539","44240"
"47549","41022"
"47570","36814"
"47571","7256"
"47572","47065"
"47581","41051"
"47586","43285"
"47593","44535"
"47603","43383"
"47605","43375"
"48457","29448"
"48491","47065"
"48528","43624"
"48560","36710"
"48570","48569"
"48572","48571"
"48588","7389"
"48595","44997"
"48649","41082"
"48642","41020"
"48643","41020"
"48681","36230"
"48685","47575"
"48688","45323"
"48689","44187"
"48690","47789"
"48711","44195"
"41932","35340"
"41992","40716"
"42035","41019"
"42040","40992"
"42041","40992"
"44332","40716"
"44340","7314"
"44348","7109"
"44418","25824"
"44454","41078"
"47621","40991"
"47622","42603"
"47632","47128"
"47633","44187"
"47638","46697"
"47647","44443"
"47649","36369"
"47654","43763"
"47670","44997"
"47673","44684"
"47674","44684"
"47692","44974"
"47693","10167"
"47694","34972"
"47717","41005"
"47741","46500"
"47744","44664"
"47763","7314"
"47764","7314"
"47765","7558"
"47778","44195"
"47811","47789"
"47815","41000"
"48807","34859"
"48814","31965"
"48836","47023"
"48855","48034"
"48879","36380"
"48881","36380"
"48890","45063"
"48902","48901"
"48911","44268"
"48945","7377"
"48948","7531"
"48950","11036"
"48954","34823"
"48957","10167"
"48989","36794"
"42214","41049"
"42215","41049"
"42230","41138"
"42271","31264"
"42307","11093"
"42352","35613"
"42353","34853"
"44514","34833"
"44518","41019"
"44539","34855"
"44600","19666"
"44601","10936"
"44602","7377"
"47872","44271"
"47889","34330"
"47890","7377"
"47953","41003"
"47955","47940"
"48005","46122"
"48014","7414"
"48017","35335"
"48018","41019"
"48029","7113"
"48031","46284"
"48040","36794"
"48041","24764"
"48069","44943"
"49058","48101"
"49072","44741"
"49074","44727"
"49075","45169"
"49078","44762"
"49079","47940"
"49084","7163"
"49151","44665"
"49153","44252"
"49156","47128"
"49233","47265"
"49235","49230"
"42144","34631"
"42145","34630"
"44603","7552"
"44604","7163"
"44606","6794"
"44608","7190"
"44609","10819"
"44610","10167"
"44611","24824"
"44614","44520"
"44613","35330"
"44617","44551"
"44618","40907"
"44619","44555"
"44637","34696"
"44638","34696"
"44639","34695"
"44640","34695"
"44641","34767"
"44644","44573"
"44645","34721"
"44646","43669"
"44650","44252"
"44670","34327"
"44674","44251"
"44676","19975"
"44686","36893"
"44717","10512"
"44715","7468"
"44718","12430"
"44725","10155"
"44726","6794"
"48156","45036"
"48176","44206"
"48186","35617"
"48201","41005"
"48227","45018"
"48247","36404"
"48255","43285"
"48256","43285"
"48266","48264"
"48288","48287"
"48317","7390"
"48318","7419"
"48319","7427"
"48320","7437"
"48321","7573"
"48322","48316"
"48324","7113"
"48326","42962"
"48327","7236"
"48333","31464"
"49497","23264"
"49498","23264"
"49499","23264"
"49500","23264"
"49540","7442"
"49559","48384"
"49657","49503"
"49668","7573"
"49669","42962"
"49670","41018"
"49686","48614"
"49691","44997"
"42369","41281"
"42371","23104"
"42431","34493"
"42436","34674"
"42439","35759"
"42449","41106"
"42454","35983"
"42481","36309"
"44752","41605"
"44761","31344"
"44769","7113"
"44924","7414"
"48362","43436"
"48367","43954"
"48374","44962"
"48376","43466"
"48382","44934"
"48403","44435"
"48449","43487"
"48488","48487"
"48490","36814"
"48500","47372"
"48506","43203"
"48519","47949"
"48529","45321"
"48549","41011"
"48576","44443"
"48577","44864"
"48578","46084"
"48584","41055"
"48599","46215"
"48630","41022"
"48641","41020"
"49707","41082"
"49724","49493"
"49730","41022"
"49745","48964"
"49753","7437"
"49756","7530"
"49758","49563"
"49759","49531"
"49764","48418"
"49789","7468"
"49808","49770"
"49823","45023"
"49829","41011"
"49835","48496"
"49843","49293"
"42523","40991"
"42642","41011"
"56981","23264"
"56992","56991"
"57164","55572"
"57175","54941"
"57184","56034"
"57297","36710"
"57417","55734"
"57440","56012"
"57441","35335"
"57474","55375"
"57490","55045"
"56693","55734"
"56752","10167"
"56792","54727"
"56806","41019"
"56800","50453"
"56922","50615"
"56814","49854"
"56820","56118"
"56872","50734"
"56874","47109"
"56881","44074"
"56886","50654"
"56911","35335"
"59247","54876"
"59292","44997"
"59430","56123"
"59422","58132"
"59434","59433"
"59566","50576"
"59570","55177"
"59582","36814"
"59600","47949"
"59609","47949"
"57397","49509"
"57409","55235"
"57411","54732"
"57445","55519"
"57453","36230"
"57462","55123"
"57489","56422"
"57547","45838"
"57556","55248"
"57557","10167"
"57595","40991"
"57648","47949"
"57673","55952"
"57711","41022"
"57720","55904"
"57846","44074"
"57868","49557"
"57901","50673"
"57907","36404"
"57915","55577"
"57916","50453"
"57536","55585"
"57552","47757"
"57575","54727"
"57588","50426"
"57624","54879"
"57642","56331"
"57649","50576"
"57668","55944"
"57677","54960"
"57845","22476"
"57779","47180"
"57763","47109"
"57780","34859"
"57827","49854"
"57837","55584"
"57833","55342"
"57857","54933"
"57867","54943"
"58018","50628"
"57214","55893"
"57217","41082"
"57274","57120"
"57285","41018"
"57376","56123"
"57380","55281"
"57381","55276"
"57391","54888"
"57393","56290"
"57403","55091"
"57651","49102"
"57632","41003"
"57661","41019"
"57688","55911"
"57714","50617"
"57715","55968"
"57734","56116"
"59626","41003"
"59627","44926"
"59634","57120"
"59659","55248"
"59662","11036"
"59669","41019"
"59743","55903"
"59753","59750"
"59776","56331"
"59794","10167"
"59802","59798"
"59814","59751"
"57973","57972"
"58165","55235"
"58206","55572"
"58215","36230"
"58228","56916"
"58244","54727"
"58296","40995"
"58339","41018"
"58399","55374"
"58162","49614"
"58170","54977"
"58174","57095"
"58181","54765"
"58315","55893"
"58356","54879"
"58434","7256"
"58533","57010"
"58618","58082"
"58624","56136"
"58629","55834"
"58671","50576"
"58733","41019"
"57473","55374"
"57766","11036"
"57788","50615"
"57808","56148"
"57822","56650"
"57824","41013"
"57844","47121"
"57883","50632"
"57890","55739"
"57892","45063"
"57899","50666"
"57919","34972"
"57925","41011"
"57928","50550"
"58067","56888"
"58173","56099"
"58179","54710"
"58270","7163"
"58301","55217"
"58309","55796"
"58311","56012"
"58332","55780"
"59827","56148"
"59848","55904"
"59875","40991"
"59907","55281"
"59932","54879"
"59946","49854"
"59962","59754"
"59993","59992"
"60002","44074"
"60005","54690"
"60045","55739"
"58630","56539"
"58643","49102"
"58737","55911"
"58771","50561"
"58828","49648"
"58886","50453"
"58893","50666"
"58896","50617"
"58908","50673"
"58942","41082"
"58957","57144"
"59109","54765"
"59295","56539"
"59300","41022"
"59321","56034"
"58804","56148"
"58867","56068"
"58869","55799"
"58878","55782"
"58885","56907"
"58889","55342"
"58914","41013"
"58911","58910"
"58920","45063"
"58975","56123"
"59111","49614"
"59189","56315"
"59198","59195"
"59244","59238"
"59249","58990"
"59267","55123"
"58342","54941"
"58366","55177"
"58377","54888"
"58400","55375"
"58405","36814"
"58440","11036"
"58446","54960"
"58508","55091"
"58513","54913"
"58543","41022"
"58727","50615"
"58750","55903"
"58819","47180"
"60059","41013"
"60067","55577"
"60077","50615"
"60091","47180"
"60092","55734"
"60094","50632"
"60127","36229"
"60136","54969"
"60175","45063"
"60193","50315"
"60194","55342"
"60200","50673"
"60204","51696"
"52928","50654"
"59333","57095"
"50753","48230"
"52930","50291"
"52931","49517"
"59578","41018"
"59661","49509"
"59663","58348"
"59707","49102"
"50802","47582"
"50815","7419"
"50817","7530"
"50818","12430"
"50861","41011"
"50879","48034"
"50903","50729"
"50910","49493"
"50915","36230"
"50919","49563"
"50937","48418"
"50961","50754"
"50979","49420"
"50994","49174"
"51091","49324"
"51102","49334"
"51131","7113"
"51138","48496"
"51206","49187"
"51207","49306"
"50572","49516"
"50701","41073"
"59041","57144"
"59107","59106"
"59108","59106"
"59159","59158"
"59132","59131"
"59210","59207"
"59218","41082"
"53165","50596"
"53262","36710"
"53289","29986"
"53381","49187"
"54731","49772"
"54884","54879"
"55049","49264"
"55736","36309"
"55791","22476"
"55826","50736"
"56210","54710"
"56533","41018"
"56405","55780"
"54343","7113"
"54408","41013"
"54746","49770"
"56406","55944"
"54821","35617"
"54847","54706"
"54878","51058"
"59767","59766"
"59769","59768"
"59784","58966"
"59866","41011"
"59947","59606"
"59951","49648"
"50546","50543"
"50648","48384"
"50696","38736"
"50885","29448"
"50943","41082"
"50993","49207"
"51076","49507"
"51101","49390"
"51128","49460"
"51181","49531"
"51238","49590"
"51264","48571"
"57989","57144"
"58349","58348"
"58953","49854"
"59556","7256"
"50819","42962"
"50991","49462"
"51040","49138"
"51309","48623"
"51485","49452"
"51503","49412"
"51586","48503"
"51726","36814"
"50810","41018"
"50816","7437"
"50824","44997"
"52084","49289"
"52095","34972"
"52239","49157"
"59976","50561"
"59989","49726"
"60096","36309"
"60072","60070"
"60122","50600"
"60211","56116"
"60217","58910"
"60219","56673"
"51331","49771"
"51341","49264"
"51358","49033"
"51409","48653"
"51411","49612"
"51424","50654"
"51506","48441"
"51630","49487"
"50780","36710"
"50847","7390"
"50917","49173"
"51357","48912"
"51372","49256"
"51436","47949"
"51471","48779"
"51890","35335"
"51961","41005"
"52032","48473"
"52065","7377"
"52182","50659"
"52184","43793"
"52192","49479"
"52193","49324"
"52200","49129"
"52224","49172"
"52234","49586"
"52240","49356"
"52266","49207"
"50684","49493"
"50767","48964"
"51313","48739"
"51401","50678"
"51629","49330"
"51622","50661"
"51628","51448"
"51745","36369"
"51747","49129"
"51792","51759"
"51938","36369"
"51984","50578"
"51995","41000"
"52045","41000"
"52346","49563"
"52349","49407"
"50607","48384"
"51636","41019"
"51637","10167"
"51648","50515"
"51723","50655"
"51728","36814"
"51736","7163"
"51748","48942"
"51779","49301"
"51875","42603"
"51876","40991"
"50940","49108"
"51095","11036"
"51127","49293"
"51255","36404"
"51793","49179"
"51937","48473"
"51992","41022"
"53168","41082"
"53169","41082"
"53252","53176"
"55286","36230"
"55287","36814"
"55317","55245"
"55450","49186"
"55421","49563"
"55478","41000"
"55501","49479"
"51187","49652"
"51201","51173"
"51470","46189"
"52210","50729"
"52260","48441"
"52375","48571"
"52402","51621"
"52508","49330"
"52515","49256"
"50519","49483"
"51402","49459"
"52179","49825"
"52324","48264"
"52372","48883"
"52387","49507"
"52390","52114"
"52404","49326"
"52406","50678"
"52442","49033"
"52457","49179"
"52474","48231"
"52481","49420"
"52492","49652"
"52499","36794"
"52524","50448"
"51446","49407"
"51904","11012"
"52071","49143"
"51964","50515"
"51989","36309"
"52088","48117"
"52154","49462"
"52195","49772"
"52214","49108"
"52215","49187"
"52221","49264"
"51873","7558"
"52090","50944"
"52917","49592"
"53803","48912"
"54918","44926"
"55021","49324"
"56209","41013"
"56221","56123"
"50950","48264"
"52308","48897"
"52381","49293"
"52382","48653"
"52408","50575"
"52420","49666"
"52587","51209"
"52604","48779"
"52605","46189"
"52620","49212"
"52631","49459"
"52644","49390"
"52659","50631"
"52668","48487"
"52675","50754"
"52706","49445"
"52726","48871"
"52731","50666"
"52752","49012"
"52753","49011"
"52754","49015"
"52756","48739"
"52758","49535"
"52759","48901"
"52760","50514"
"52767","48731"
"52771","49534"
"52259","49491"
"52321","49432"
"52630","49771"
"52698","49306"
"52751","49010"
"52761","49003"
"52929","50675"
"52933","49353"
"53194","7390"
"53209","35617"
"53234","12430"
"51445","49230"
"52238","49531"
"52244","49173"
"52282","48614"
"52329","48496"
"52471","49590"
"52705","49392"
"52707","49138"
"52825","49599"
"52867","48677"
"52868","48245"
"52878","48223"
"52894","50649"
"50931","50452"
"52001","49330"
"53124","51173"
"53163","50798"
"53247","50944"
"54792","45063"
"54827","54824"
"55553","49348"
"56024","55730"
"56354","48677"
"56368","54697"
"56374","54879"
"56375","41082"
"56438","56129"
"56548","56116"
"52684","50523"
"52772","49533"
"52780","48623"
"52799","50662"
"52856","50452"
"52880","49321"
"52919","48230"
"52937","50426"
"53273","7573"
"53282","7419"
"53453","49531"
"52082","49488"
"52500","49452"
"53189","29448"
"53270","7437"
"53586","48571"
"53671","49407"
"53890","49256"
"53892","53219"
"53966","51621"
"52978","50711"
"53010","49143"
"53016","49289"
"53017","49287"
"53100","50944"
"53281","48672"
"53205","41011"
"53222","44997"
"53233","7113"
"53294","34972"
"53350","48230"
"53351","36814"
"53352","7256"
"53232","36230"
"53238","53173"
"53239","34859"
"53393","48228"
"53438","53207"
"53737","49358"
"53952","49648"
"54208","49207"
"54297","48503"
"54396","36404"
"54526","49488"
"51996","41003"
"53204","41011"
"53644","49459"
"54404","44074"
"53138","34859"
"53348","48779"
"53413","49612"
"54106","48942"
"54229","46210"
"54168","49599"
"54440","7377"
"53386","49108"
"53418","52114"
"53442","49462"
"53431","50729"
"53451","50452"
"53464","49563"
"53530","48623"
"53552","49179"
"53738","48653"
"53810","47949"
"53816","49330"
"53839","50291"
"53256","47582"
"53974","43680"
"54200","49479"
"55126","11036"
"55389","41022"
"55422","36710"
"55446","40991"
"55458","49281"
"55510","49459"
"55529","49652"
"55674","49491"
"55775","52183"
"55891","34972"
"55920","5011"
"53474","49138"
"53993","50661"
"54086","53106"
"54124","40991"
"54125","42603"
"54397","36404"
"54597","49143"
"54671","50944"
"54695","52494"
"54700","49108"
"54852","49174"
"54726","36792"
"54754","49612"
"54764","41011"
"54819","49592"
"54840","44997"
"54881","48384"
"54909","36814"
"54954","7256"
"53293","41018"
"53658","49174"
"54166","41022"
"54629","50944"
"54651","50702"
"54664","36794"
"54729","54727"
"54730","54727"
"54756","49612"
"54793","49531"
"54981","47582"
"53125","51173"
"53860","48614"
"53929","48264"
"53995","50661"
"54003","45063"
"54013","50754"
"54054","50514"
"54107","48942"
"54118","11036"
"54170","41000"
"54171","10167"
"54172","41019"
"54222","49281"
"54231","51448"
"54347","36309"
"54352","29184"
"56324","54941"
"56391","55519"
"57094","55815"
"57165","56119"
"57180","54913"
"57208","54969"
"57212","56112"
"55009","41018"
"55215","49480"
"55278","49201"
"55297","36404"
"55391","41082"
"55455","7389"
"55457","49270"
"55657","50754"
"55672","10167"
"54584","49289"
"55194","49426"
"55221","49420"
"55228","34859"
"55445","42603"
"55472","55282"
"55499","49330"
"55514","55091"
"55600","44074"
"55624","41013"
"55665","47109"
"55677","49854"
"54444","7163"
"54652","41056"
"54709","48230"
"54950","54941"
"55039","36710"
"55041","49250"
"55042","49299"
"55079","48503"
"53896","49306"
"57326","49825"
"57327","54833"
"57328","44997"
"57432","56225"
"57554","54838"
"57594","42603"
"57801","55799"
"55875","47949"
"55962","7163"
"56125","53076"
"56126","53076"
"56271","56136"
"56333","54824"
"56412","56099"
"56416","49509"
"55753","35335"
"55754","53542"
"55793","50432"
"55806","50666"
"55818","50628"
"55824","55404"
"55863","41019"
"55871","50661"
"55874","7414"
"55877","49517"
"55946","55925"
"55147","48117"
"55155","55153"
"55193","50944"
"55197","54888"
"55206","52183"
"55310","49306"
"55431","29448"
"55320","55250"
"55385","54706"
"55417","51621"
"55423","49445"
"55463","49492"
"55502","49179"
"55506","53129"
"55557","29986"
"55573","41003"
"55618","48779"
"58078","57144"
"58183","54732"
"58213","44997"
"58255","57144"
"58429","47949"
"58466","56932"
"58480","36710"
"58555","40991"
"58556","42603"
"58569","10167"
"58588","55248"
"58645","47757"
"58647","49509"
"56441","36230"
"56442","41011"
"56461","36710"
"56473","55282"
"56513","47180"
"56554","44997"
"56588","36814"
"56642","55123"
"56652","42603"
"56653","40991"
"56661","47949"
"56717","55782"
"56757","55739"
"56763","50576"
"56789","41022"
"54450","36794"
"55963","49398"
"55975","50944"
"56003","50452"
"56008","54969"
"56083","23264"
"56085","23264"
"56091","49289"
"56096","49516"
"56100","49652"
"56110","50729"
"56132","50944"
"56157","7377"
"56158","7390"
"56232","45023"
"56299","49459"
"50925","11036"
"55861","51696"
"55862","22476"
"55882","53109"
"56005","55815"
"56082","23264"
"56084","23264"
"56213","54977"
"56394","47582"
"56497","34859"
"56532","55911"
"58320","55734"
"58681","55577"
"58685","41011"
"58755","55739"
"58772","54933"
"58773","55732"
"58782","55732"
"58928","50632"
"58812","44074"
"58815","50649"
"58817","49726"
"58877","56116"
"58941","56112"
"59137","59136"
"54448","35335"
"56834","56148"
"56836","51058"
"56841","50666"
"56856","50561"
"56893","50673"
"56910","50566"
"56996","55815"
"57163","54765"
"57177","54710"
"57187","54977"
"57222","49614"
"57278","55177"
"57279","54876"
"57295","48548"
"57340","7256"
"57341","36814"
"57364","55796"
"56316","54888"
"56361","50944"
"56385","45063"
"56448","56112"
"56489","11036"
"56581","36404"
"56591","56539"
"56695","56119"
"56799","55799"
"56920","48117"
"56929","49557"
"56949","7163"
"56960","41937"
"56962","34972"
"67106","67092"
"69757","61618"
"73076","71507"
"76218","72756"
"76238","71992"
"78522","72106"
"78524","78523"
"78536","78315"
"78543","76609"
"78559","58227"
"78653","71274"
"78677","78675"
"78714","71609"
"78715","72426"
"78832","71206"
"78866","78865"
"65883","50576"
"65884","50576"
"65907","61551"
"65937","59921"
"65957","60448"
"66161","58416"
"66167","59131"
"66201","41011"
"66342","61527"
"65255","61580"
"73524","59001"
"74192","74185"
"74615","71992"
"76246","72825"
"76247","72426"
"76250","71609"
"76301","72519"
"76406","70136"
"76420","71507"
"76435","72479"
"76449","71936"
"76512","72497"
"76513","72599"
"76527","72898"
"76525","74931"
"76558","72370"
"76579","72917"
"76645","72622"
"76694","71507"
"66850","61930"
"66973","59195"
"67042","61592"
"67259","67258"
"67363","60266"
"67402","55739"
"67471","60070"
"67543","64965"
"78432","57349"
"78952","72096"
"78970","72535"
"79006","79005"
"79027","72202"
"79037","78139"
"79080","78704"
"79082","71882"
"79112","71786"
"79104","78961"
"79116","71949"
"66462","41018"
"66531","59892"
"66545","56362"
"66559","59392"
"66690","41013"
"66695","60436"
"66771","47214"
"66811","56225"
"66992","61507"
"76738","61921"
"76740","72253"
"76797","58227"
"76815","71781"
"76958","68152"
"77025","72964"
"77070","71869"
"77114","71834"
"77152","71507"
"77171","71780"
"77291","71992"
"77295","74188"
"77302","77076"
"77355","72992"
"68082","44074"
"67859","59751"
"68079","50315"
"68325","68213"
"68336","41082"
"68339","56362"
"68355","64989"
"68370","61565"
"68472","61481"
"68550","40992"
"69606","67634"
"75459","72900"
"76036","72535"
"78615","71312"
"79180","27911"
"79217","71224"
"79244","75616"
"79320","76369"
"79347","79147"
"79355","76811"
"79369","75566"
"79370","78822"
"79377","59088"
"79382","72599"
"66898","59106"
"66993","59202"
"67039","61508"
"67048","62276"
"67126","64742"
"67205","59389"
"67235","59657"
"67245","57033"
"67437","60278"
"67577","59391"
"67108","59152"
"77467","74185"
"77473","72221"
"77486","71882"
"77667","73516"
"77719","71274"
"77724","41013"
"77747","71224"
"77745","72922"
"77755","72902"
"77844","41011"
"77874","59088"
"77890","50743"
"77891","50743"
"77929","72962"
"77999","59362"
"77998","59392"
"78099","73467"
"68611","66916"
"68616","67825"
"68670","58227"
"68707","61921"
"68725","61867"
"68898","56362"
"68914","49648"
"68919","60589"
"69037","66924"
"68995","67393"
"69047","61838"
"69126","60638"
"67296","67294"
"79407","65041"
"79416","71239"
"79444","79337"
"79525","78709"
"67700","61475"
"67745","59224"
"67797","60638"
"67846","63219"
"67899","58033"
"67913","59921"
"67925","59798"
"67949","40991"
"68068","60385"
"68323","67923"
"78225","77078"
"78238","73326"
"78282","72851"
"78302","72898"
"78305","78304"
"78306","61492"
"78357","78353"
"78375","78373"
"78379","41082"
"78407","72962"
"78459","78458"
"78484","75539"
"78514","59362"
"78541","76609"
"78602","71320"
"78810","44074"
"69298","61507"
"69319","61619"
"69327","61492"
"69343","69242"
"69497","67262"
"69561","55739"
"69572","67092"
"69597","67233"
"69602","68387"
"69605","67604"
"69616","67390"
"69764","68350"
"69747","69485"
"69765","68210"
"69814","49854"
"69830","68334"
"69873","67989"
"69874","61782"
"69887","67578"
"69896","68328"
"69927","66924"
"68469","68468"
"68585","66989"
"68597","59389"
"68630","67668"
"68772","62499"
"68921","59392"
"68969","67419"
"68978","67305"
"69169","57349"
"69185","44074"
"60712","41082"
"60791","35882"
"61413","60291"
"64876","61074"
"68813","67753"
"69241","68217"
"69251","34819"
"69283","41011"
"69415","68412"
"69756","67675"
"69948","67715"
"70004","60638"
"70067","62499"
"70070","65041"
"70071","44074"
"70085","58621"
"70123","40991"
"70125","68405"
"70167","68132"
"70168","47180"
"70169","67499"
"70171","68123"
"70232","70174"
"70249","62148"
"70477","67035"
"61628","58114"
"64050","61508"
"64091","61531"
"64281","44074"
"67495","60330"
"68406","61507"
"68698","67895"
"70468","61867"
"70469","68046"
"71040","67849"
"71041","62148"
"71068","50576"
"71147","68176"
"71155","68340"
"69223","67212"
"69261","67729"
"69322","68334"
"69336","63224"
"69344","67919"
"69434","61930"
"69494","66899"
"69551","67050"
"69592","67251"
"69599","67394"
"69600","67605"
"69639","48677"
"69641","67426"
"69649","67224"
"69660","68928"
"69682","68152"
"69748","69485"
"69819","68532"
"69888","59362"
"69828","68382"
"70861","67419"
"70964","68328"
"74266","71759"
"74411","72879"
"74412","72555"
"74572","73281"
"74759","72202"
"74860","71728"
"75034","74704"
"70619","67144"
"70734","67390"
"70761","69571"
"70765","61785"
"70797","67906"
"70806","68204"
"70860","61754"
"70862","67426"
"71030","69943"
"71046","68386"
"71081","68032"
"71091","69339"
"71123","61619"
"71181","41013"
"71215","60456"
"71255","69487"
"73024","72611"
"73039","71904"
"73526","65041"
"73571","68532"
"73594","67393"
"74756","72353"
"74761","71539"
"74938","72582"
"75039","68152"
"69923","68572"
"69939","61686"
"69942","61580"
"69990","68046"
"69998","68204"
"70000","67714"
"70100","57422"
"70122","67926"
"70176","67258"
"70161","67305"
"70204","67472"
"70216","68333"
"70217","68217"
"70240","61754"
"70247","63808"
"70248","63808"
"70274","67784"
"70329","68547"
"70454","67929"
"61544","50617"
"74645","55879"
"74743","72535"
"74783","71507"
"74796","72253"
"74842","72081"
"75036","71629"
"75037","71706"
"75042","72370"
"75118","72146"
"71443","60173"
"71512","71507"
"71513","66916"
"71530","60456"
"71605","67753"
"71691","68596"
"71880","67218"
"71933","71574"
"71947","69376"
"72019","69778"
"72164","56159"
"72218","67729"
"60340","7163"
"60648","59750"
"60868","34859"
"62254","59751"
"62262","59610"
"62343","59523"
"62365","61425"
"62528","59238"
"62532","59853"
"62665","61739"
"70679","61921"
"70681","41082"
"70754","68928"
"70771","59001"
"70775","49854"
"71117","68196"
"70817","70174"
"70907","70868"
"70915","57349"
"70984","66899"
"71037","67602"
"60846","60437"
"61554","61551"
"72334","71539"
"72393","59392"
"72605","55739"
"72698","40991"
"72716","72648"
"72979","72970"
"62976","47180"
"62916","59136"
"63004","22476"
"63171","62027"
"63247","60337"
"71143","68132"
"71184","68217"
"71261","71226"
"71262","71226"
"71279","67675"
"71376","71206"
"71505","61492"
"71521","71224"
"71705","69564"
"71732","67675"
"71872","61754"
"71874","41082"
"62333","61508"
"62369","61425"
"63360","62122"
"63406","47016"
"63463","40991"
"63464","11036"
"63617","41013"
"73091","59389"
"73104","60638"
"73130","71749"
"73224","72756"
"73309","69778"
"73396","71629"
"73951","72535"
"62422","59891"
"63743","63741"
"63790","61803"
"63829","59635"
"63835","61592"
"64001","59391"
"64157","59101"
"64198","59238"
"64203","59750"
"64218","59243"
"64223","55739"
"64249","59170"
"72033","70620"
"72162","72142"
"72252","67419"
"72346","71749"
"72369","72096"
"72388","66924"
"72391","61618"
"72415","68532"
"72514","70043"
"72522","68152"
"62451","62051"
"60790","35882"
"63546","61565"
"63772","63771"
"73990","72370"
"74354","73237"
"74368","72908"
"74382","71583"
"74407","72826"
"74410","72825"
"74439","72655"
"74599","71882"
"74600","72215"
"74618","71312"
"74771","72460"
"74789","71834"
"60764","59433"
"60792","35882"
"60994","59392"
"61065","41022"
"61187","50640"
"61233","50576"
"61446","60305"
"72541","44074"
"72556","59088"
"72583","72519"
"72617","41011"
"72606","71848"
"72683","65041"
"72696","69620"
"72700","69620"
"72713","50576"
"72806","71206"
"72810","72253"
"73060","71224"
"60563","59158"
"60673","60266"
"61390","41003"
"60973","59577"
"61226","59224"
"61229","47180"
"61271","41013"
"61462","59432"
"61966","60070"
"62094","10167"
"63337","59195"
"74963","71936"
"74978","71698"
"75181","72658"
"75183","74704"
"75275","72184"
"75277","74704"
"75283","73382"
"75421","61592"
"75505","71224"
"75534","41011"
"75573","59362"
"75574","61619"
"75606","61696"
"60666","59257"
"62366","61425"
"61483","61475"
"61919","41082"
"62009","50636"
"62335","59649"
"62876","61982"
"62969","60162"
"63040","50315"
"63077","60108"
"73068","61492"
"73436","41013"
"73452","71574"
"73522","72900"
"73561","71539"
"73570","50743"
"73583","59362"
"73593","72096"
"73607","47180"
"73635","71882"
"73658","72215"
"73673","41011"
"73713","61619"
"73714","49648"
"73715","50576"
"61412","56650"
"63742","63741"
"63881","60403"
"64470","61454"
"64472","59652"
"64497","59268"
"64548","62051"
"64558","60613"
"64562","60162"
"75637","72917"
"75649","61618"
"75719","75685"
"75773","71834"
"75787","72784"
"75863","71780"
"75984","74704"
"76010","71848"
"76039","72535"
"76069","72671"
"76072","75498"
"76122","67792"
"76249","73237"
"76261","74188"
"76262","72992"
"76305","72526"
"76306","72399"
"76307","72505"
"63008","44074"
"63271","41018"
"63320","61951"
"63371","60393"
"63568","59881"
"63661","60291"
"63662","7163"
"63838","59158"
"63846","59104"
"73741","27911"
"73757","27911"
"73829","73286"
"73846","71699"
"73921","72981"
"73924","61618"
"73926","57349"
"73939","72006"
"74006","72574"
"61281","41011"
"64841","59892"
"64990","61074"
"65133","62049"
"65209","64916"
"65392","60403"
"65522","59224"
"76365","69124"
"76391","71876"
"76473","73491"
"76779","72490"
"76780","60456"
"77052","71781"
"77028","61785"
"76959","73401"
"77274","72664"
"77385","27911"
"77399","72526"
"63934","59837"
"64011","59796"
"64301","61827"
"64469","60192"
"64580","61858"
"64624","59798"
"64643","61551"
"64659","61591"
"64771","59726"
"64773","60291"
"74235","71852"
"74279","72664"
"74281","71760"
"74356","71609"
"74367","71558"
"74369","72635"
"74537","73556"
"74546","72221"
"74554","72439"
"74738","72351"
"74795","71717"
"64022","60278"
"65641","59136"
"65687","61531"
"65706","40991"
"65708","59238"
"65944","59195"
"66050","55739"
"77468","76811"
"77506","72439"
"77508","62122"
"77571","61618"
"77629","72479"
"77637","71239"
"77730","72535"
"77763","61955"
"77774","71699"
"77782","75539"
"77843","41011"
"77850","73455"
"77852","75566"
"77853","72096"
"77857","71437"
"77869","76664"
"77878","65041"
"77880","57349"
"64901","61868"
"64918","62049"
"65085","7163"
"65095","47214"
"65132","62049"
"65228","54979"
"65256","59389"
"65328","60437"
"65334","59347"
"65394","61508"
"75120","72142"
"75119","72148"
"74983","71629"
"75049","73970"
"75070","73487"
"75121","72669"
"75103","73487"
"75288","72497"
"75324","61492"
"75399","71993"
"75510","72894"
"75514","72847"
"75568","75566"
"66264","47180"
"66317","49648"
"66372","50315"
"66720","41082"
"77926","72640"
"77936","73305"
"78172","78167"
"78174","78167"
"78266","74003"
"78274","73954"
"78280","76447"
"78337","71539"
"78345","78340"
"78388","72906"
"78398","78397"
"78511","59389"
"65652","62051"
"65685","63219"
"65786","61537"
"65784","61454"
"65787","59649"
"75575","50576"
"75604","73872"
"75631","72497"
"75648","59001"
"75653","41082"
"75703","75457"
"75718","75685"
"75724","71628"
"75785","72847"
"75835","75685"
"75838","72096"
"75888","72199"
"75980","72215"
"76023","72664"
"76037","72535"
"76041","75307"
"76056","71642"
"76100","72008"
"76154","72006"
"76183","72819"
"65903","60070"
"65906","50315"
"65948","60162"
"65951","61774"
"65992","60103"
"66036","61507"
"66047","62122"
"66097","60108"
"66106","63741"
"66381","10167"
"71552","59389"
"71641","60448"
"71694","71692"
"71742","60638"
"71856","27911"
"71964","71780"
"71965","71780"
"72017","69339"
"72031","70394"
"72034","69573"
"72118","61785"
"72224","59362"
"72270","59001"
"72438","68046"
"72548","34819"
"65097","47214"
"69895","68196"
"73610","72519"
"73632","71780"
"73667","72679"
"73783","72439"
"73814","59088"
"73824","59392"
"73863","72081"
"73938","72006"
"73942","72898"
"72000","68405"
"72038","72037"
"72082","68328"
"72172","57349"
"72198","41013"
"72258","68210"
"72294","49648"
"72347","68572"
"70713","70043"
"72835","71699"
"72843","71652"
"72884","71364"
"73129","71993"
"73160","71790"
"73167","71206"
"74174","72756"
"74234","71848"
"74271","73362"
"74284","71696"
"74320","74125"
"74503","72671"
"74392","71692"
"74405","72426"
"74406","72828"
"74409","72026"
"74626","71900"
"74792","72096"
"74808","71699"
"74878","71780"
"75152","72917"
"75208","73867"
"75284","73276"
"75356","71507"
"75426","59088"
"75447","59389"
"75448","71749"
"75487","60456"
"75502","41013"
"75531","74005"
"75560","71206"
"75591","71272"
"75599","69467"
"75621","74931"
"75626","57349"
"75628","60589"
"72424","50743"
"72428","67258"
"72459","68032"
"72620","72370"
"74257","71749"
"74374","72030"
"74375","72030"
"74396","72668"
"74408","72877"
"74541","73401"
"69596","67753"
"73232","73231"
"73240","72908"
"73269","72828"
"73361","68152"
"73462","61754"
"73541","72648"
"73597","72669"
"73681","44074"
"73782","71775"
"75639","69124"
"75656","61754"
"75722","73350"
"75816","75405"
"75914","72582"
"75983","71698"
"76009","71852"
"76175","74185"
"76181","72879"
"76188","72828"
"76189","72026"
"75645","50743"
"75702","74125"
"75982","72656"
"76336","72386"
"76398","72964"
"76407","71652"
"76411","73401"
"76415","73071"
"76421","71699"
"76470","73305"
"76478","72632"
"76539","72842"
"76697","61492"
"76719","75430"
"76739","61921"
"76758","76609"
"74623","72519"
"74629","72505"
"74741","73536"
"75006","72008"
"75646","57349"
"74986","72632"
"75784","68152"
"75797","71539"
"75815","71696"
"75930","72900"
"75981","72184"
"76028","71692"
"76038","72535"
"73809","72253"
"73843","72664"
"73901","72490"
"73936","61921"
"73969","41082"
"73994","72990"
"74888","72368"
"75285","73276"
"75398","74125"
"75411","65041"
"75418","71936"
"75438","58227"
"75484","72184"
"75582","72309"
"75602","27911"
"75608","61785"
"75619","59392"
"75890","72202"
"76291","72368"
"76304","71900"
"76373","72863"
"76949","72837"
"76968","71629"
"76969","74124"
"77096","71696"
"77289","76356"
"77466","72026"
"77560","74029"
"77638","73957"
"77791","49648"
"76855","72370"
"77283","71698"
"77876","44074"
"78038","41082"
"78039","41082"
"78101","73467"
"78171","78167"
"78178","78167"
"78219","72873"
"78231","71790"
"78261","73957"
"78327","77140"
"76240","72030"
"76245","73556"
"76880","61754"
"76932","71787"
"76941","71749"
"76950","72784"
"76974","61619"
"76975","50576"
"77006","75405"
"77014","72906"
"77045","72900"
"77095","72908"
"77133","71539"
"77146","67393"
"77148","77140"
"77151","71749"
"76382","71852"
"76383","71848"
"76413","74032"
"76419","72061"
"76471","72669"
"76715","59389"
"76718","71206"
"77849","68532"
"77989","74003"
"78333","78331"
"78506","61619"
"78515","61785"
"78811","44074"
"78845","71609"
"79286","78510"
"61202","59837"
"61294","60535"
"61553","56144"
"63839","59657"
"77875","72582"
"78478","72900"
"78517","78516"
"78542","71790"
"78640","76989"
"69260","47180"
"69290","47496"
"69671","61921"
"77185","72955"
"77242","75665"
"77255","71706"
"77262","72215"
"77271","71936"
"77362","71852"
"77364","71848"
"72502","72399"
"72504","47180"
"78149","78139"
"78150","74931"
"78173","78167"
"78177","78167"
"78184","78167"
"78267","73956"
"78283","72851"
"78284","72851"
"79359","72479"
"79384","71437"
"79457","71272"
"79467","61754"
"72682","65041"
"78794","78793"
"78796","73071"
"78844","71609"
"78856","76670"
"78924","68532"
"78938","60534"
"78998","71825"
"79048","72221"
"79051","41011"
"79307","72828"
"79331","78216"
"79345","79332"
"79493","74931"
"78399","78397"
"78425","71717"
"78489","72842"
"78507","50576"
"78580","63796"
"78690","78689"
"79078","76356"
"79073","79071"
"79089","41013"
"79114","71784"
"79248","72955"
"79319","72497"
"79321","76369"
"77404","72497"
"77422","72828"
"77449","71950"
"77460","73184"
"77465","72030"
"77617","72490"
"77748","71224"
"77797","76447"
"77806","76845"
"77868","75611"
"79508","78202"
"79446","73872"
"68077","49854"
"68224","68222"
"68236","47180"
"68293","68210"
"68294","68104"
"68768","55739"
"68879","68532"
"69051","66974"
"69079","68196"
"69142","41013"
"69146","50743"
"60552","60319"
"60556","59106"
"60558","59933"
"61173","44074"
"61272","59224"
"62263","60284"
"62924","59170"
"63039","61551"
"67351","60108"
"67702","60636"
"67708","59577"
"68363","61805"
"68594","63808"
"68730","67224"
"68745","67050"
"69348","67747"
"69893","66974"
"69926","59392"
"69973","41013"
"60255","50453"
"60315","50725"
"60870","36814"
"60983","59136"
"60985","58416"
"61403","42603"
"62284","59768"
"62298","59224"
"67222","59933"
"67287","65568"
"67354","62001"
"69693","67747"
"69776","67218"
"69782","68039"
"69836","41011"
"70457","61492"
"70476","67825"
"70614","49648"
"70624","66989"
"70657","68404"
"62261","59796"
"62283","59635"
"62438","61591"
"62636","59606"
"63114","59027"
"63327","59777"
"63338","59195"
"63358","62072"
"63472","60278"
"69585","59389"
"68015","65669"
"68078","68075"
"69638","61785"
"70019","67919"
"70061","59088"
"70077","58124"
"70105","68340"
"70182","60173"
"70266","61565"
"70258","57349"
"70265","61565"
"60738","10167"
"60852","60288"
"62277","55739"
"62296","59158"
"62404","59750"
"62538","60286"
"62697","59106"
"67752","59648"
"68045","63741"
"68145","59838"
"68269","54979"
"62071","34859"
"62174","62049"
"62256","59347"
"62565","60436"
"63843","59816"
"63870","60437"
"63912","60014"
"64016","60108"
"64045","59136"
"64187","59768"
"67642","41013"
"67794","60284"
"69210","68333"
"69281","61884"
"69284","50315"
"70447","66899"
"70496","60173"
"70524","68481"
"61220","40991"
"61238","60240"
"61331","55739"
"61393","50600"
"61510","59617"
"64768","62499"
"64770","61490"
"64807","61822"
"69347","65041"
"69349","69334"
"69557","50743"
"70586","59389"
"70587","70135"
"70603","66916"
"70612","68348"
"70625","67224"
"70656","68405"
"71194","67258"
"71601","58227"
"71611","68383"
"60360","42603"
"60908","22476"
"60961","59131"
"61097","56148"
"61200","57087"
"61211","41019"
"61308","41018"
"61488","59298"
"61661","59298"
"68362","68340"
"68867","60456"
"69023","61930"
"69053","68572"
"69061","59362"
"69089","49854"
"69091","68204"
"69318","50576"
"69716","69571"
"60576","49614"
"60739","59379"
"60771","45063"
"60787","60495"
"61099","49854"
"61280","41011"
"61354","59998"
"62966","60103"
"63075","60289"
"63076","59798"
"67439","59577"
"67819","60432"
"67958","67943"
"67962","66801"
"68097","61619"
"68342","67308"
"68582","66899"
"68603","67426"
"68799","61785"
"68853","67578"
"69031","67218"
"69027","57422"
"60331","55799"
"60665","49509"
"60670","35617"
"60725","7163"
"60734","59992"
"60888","50609"
"61303","50561"
"61387","50315"
"62008","50636"
"62010","50636"
"62157","60613"
"62738","61475"
"62866","59131"
"66514","50600"
"66772","50632"
"67847","61531"
"67841","61370"
"67905","64290"
"68202","51696"
"68270","49648"
"68719","41082"
"69171","67849"
"69231","67038"
"69320","62148"
"69342","69242"
"60964","11036"
"61124","47949"
"61297","60306"
"61346","59881"
"61991","50628"
"62315","61592"
"63334","50600"
"63401","59892"
"63403","59577"
"63408","34819"
"63409","34819"
"63410","34819"
"66480","61565"
"68098","50576"
"68787","60448"
"69070","61618"
"69508","66989"
"69501","67377"
"69536","67825"
"69558","66916"
"69681","60456"
"69730","41082"
"60454","59298"
"60907","58910"
"63003","60014"
"63064","59379"
"63172","63100"
"63181","61930"
"63335","36814"
"67904","64290"
"68311","41011"
"68356","68334"
"68403","65145"
"68574","54979"
"68763","67390"
"69018","68348"
"69335","67258"
"69509","61867"
"69591","67629"
"69598","67069"
"69724","59001"
"69738","68348"
"69797","67144"
"69988","67212"
"61629","58114"
"63411","34819"
"63534","49854"
"63848","59775"
"63904","61945"
"64002","61618"
"64012","59610"
"64071","61830"
"64090","59641"
"66990","66989"
"68198","60286"
"68365","61825"
"69340","61822"
"69523","61492"
"69538","58227"
"69652","50576"
"69952","67419"
"70170","68239"
"70296","68476"
"70523","69573"
"70727","67305"
"70795","68383"
"70843","66924"
"61161","59692"
"61162","60108"
"63412","34819"
"63475","60403"
"63591","60295"
"63600","49311"
"63780","59131"
"63855","59692"
"63861","60456"
"63879","59347"
"63901","59152"
"63969","61774"
"64129","59606"
"67858","59726"
"68967","67914"
"69742","67943"
"69855","67539"
"69997","68931"
"70271","68949"
"70391","35416"
"70557","58227"
"70604","68596"
"70633","67218"
"64128","59777"
"64169","61370"
"64228","59134"
"64327","59576"
"64465","59076"
"64515","60070"
"64609","59379"
"64617","61884"
"66923","59131"
"70912","59362"
"70983","40991"
"70993","67038"
"71045","67621"
"71163","59088"
"71247","71224"
"64214","60289"
"64219","60274"
"64303","59853"
"64333","59106"
"64362","60339"
"64417","59465"
"64422","60164"
"64463","59867"
"64466","59654"
"64467","60182"
"64474","61434"
"64476","59998"
"64478","63683"
"64503","60033"
"64521","59224"
"64542","60436"
"64561","60103"
"70700","68039"
"70812","61618"
"70813","68152"
"70870","41011"
"70888","68532"
"70896","67472"
"70897","67212"
"70900","44074"
"70941","67989"
"70948","27911"
"70954","61686"
"70956","67393"
"64629","61476"
"64642","50315"
"64735","61580"
"64875","61074"
"65006","61507"
"65053","59106"
"65084","59158"
"65098","47214"
"65112","61930"
"65154","59577"
"65342","59610"
"69653","61619"
"71663","68348"
"71774","67715"
"71889","71446"
"71987","61696"
"72647","71882"
"72686","69487"
"72695","69620"
"72697","72505"
"72712","61619"
"72747","72746"
"72893","72669"
"61156","59777"
"62186","61252"
"64648","54979"
"64842","59881"
"64868","59569"
"64917","62049"
"65096","47214"
"65152","7163"
"65181","56580"
"65190","61619"
"65233","59106"
"68801","40991"
"71009","67539"
"71036","67753"
"71144","47180"
"71153","68572"
"71182","69778"
"71187","50743"
"71205","60638"
"71260","71226"
"71265","68547"
"71522","67144"
"71535","68486"
"62180","59433"
"65398","59205"
"65913","59465"
"65940","11036"
"65950","61370"
"66096","59798"
"66216","60291"
"73089","72635"
"73149","72184"
"73195","72692"
"73265","60456"
"73435","61785"
"65343","60284"
"65688","65669"
"65712","60289"
"65738","61772"
"80369","71937"
"80178","79308"
"80341","71239"
"80384","41082"
"80492","59088"
"80390","41011"
"79868","78683"
"79756","61785"
"79727","61492"
"79722","75664"
"79735","78567"
"79833","79406"
"80207","72479"
"80232","73189"
"80304","59088"
"80311","76369"
"80528","50315"
"80420","61754"
"79637","78709"
"79712","50576"
"79730","59389"
"79869","41082"
"79898","71609"
"79982","78704"
"80159","79332"
"80220","41013"
"80464","71480"
"80467","73384"
"80468","73384"
"79710","61619"
"79711","61619"
"79713","59362"
"79746","72955"
"79765","72906"
"79936","78529"
"80089","71437"
"79754","78490"
"79767","57349"
"80134","78793"
"80171","79363"
"80231","74885"
"80256","79083"
"80366","61921"
"79719","78354"
"80526","50315"
"80133","78793"
"80376","78420"
"80377","65041"
"79859","61592"
"80162","79373"
"80397","71274"
"80448","80446"
"80525","50315"
"80527","50315"
"79656","79654"
"79957","71206"
"80082","79139"
"80119","27911"
"80201","79124"
"80277","44074"
"80403","78823"
"80408","71272"
"79817","70192"
"80077","79334"
"80447","80446"
"79812","75539"
"79834","78709"
"80365","79663"
"80404","78823"
"80466","73384"
"79945","75566"
"80081","79614"
"80524","50315"
"79778","50743"
"79825","78427"
"79998","67792"
"80003","78516"
"80056","72106"
"80387","76408"
"80391","78340"
"79704","72962"
"80095","68532"
"79791","78460"
"79826","77140"
"79885","71224"
"80195","78401"
"79705","72962"
"79738","79132"
"80061","78689"
"79715","78304"
"80234","76670"
"80465","73999"
